ID;ID_LIMS;ID_Bekken;ID_Trim
RAT-1266;24-007464;RAT-1266;RAT-1266
RAT-1298;24-007465;RAT-1298;RAT-1298
RAT-1295;24-007466;RAT-1295;RAT-1295
RAT-1192;24-007467;RAT-1192;RAT-1192
RAT-1289;24-007468;RAT-1289;RAT-1289
RAT-1169;24-007469;RAT-1169;RAT-1169
RAT-1198;24-007470;RAT-1198;RAT-1198
RAT-1243;24-007471;RAT-1243;RAT-1243
RAT-1177;24-007472;RAT-1177;RAT-1177
RAT-1286;24-007473;RAT-1286;RAT-1286
RAT-1199;24-007474;RAT-1199;RAT-1199
RAT-1300;24-007475;RAT-1300;RAT-1300
RAT-1282;24-007476;RAT-1282;RAT-1282
RAT-1168;24-007477;RAT-1168;RAT-1168
RAT-1213;24-007478;RAT-1213;RAT-1213
RAT-1223;24-007479;RAT-1223;RAT-1223
RAT-1294;24-007480;RAT-1294;RAT-1294
RAT-1171;24-007481;RAT-1171;RAT-1171
RAT-1273;24-007482;RAT-1273;RAT-1273
RAT-1287;24-007483;RAT-1287;RAT-1287
RAT-1281;24-007484;RAT-1281;RAT-1281
RAT-1241;24-007485;RAT-1241;RAT-1241
RAT-1221;24-007486;RAT-1221;RAT-1221
RAT-1262;24-007487;RAT-1262;RAT-1262
RAT-1280;24-007488;RAT-1280;RAT-1280
RAT-1196;24-007489;RAT-1196;RAT-1196
RAT-1261;24-007490;RAT-1261;RAT-1261
RAT-1181;24-007491;RAT-1181;RAT-1181
RAT-1252;24-007492;RAT-1252;RAT-1252
RAT-1222;24-007493;RAT-1222;RAT-1222
RAT-1165;24-007494;RAT-1165;RAT-1165
RAT-1279;24-007495;RAT-1279;RAT-1279
RAT-1197;24-007496;RAT-1197;RAT-1197
RAT-1285;24-007497;RAT-1285;RAT-1285
RAT-1175;24-007498;RAT-1175;RAT-1175
RAT-1265;24-007499;RAT-1265;RAT-1265
RAT-1271;24-007500;RAT-1271;RAT-1271
RAT-1200;24-007501;RAT-1200;RAT-1200
RAT-1194;24-007502;RAT-1194;RAT-1194
RAT-1188;24-007503;RAT-1188;RAT-1188
RAT-1170;24-007504;RAT-1170;RAT-1170
RAT-1174;24-007505;RAT-1174;RAT-1174
RAT-1274;24-007506;RAT-1274;RAT-1274
RAT-1276;24-007507;RAT-1276;RAT-1276
RAT-1180;24-007508;RAT-1180;RAT-1180
RAT-1186;24-007509;RAT-1186;RAT-1186
RAT-1187;24-007510;RAT-1187;RAT-1187
RAT-1284;24-007511;RAT-1284;RAT-1284
RAT-1297;24-007512;RAT-1297;RAT-1297
RAT-1260;24-007513;RAT-1260;RAT-1260
RAT-1214;24-007514;RAT-1214;RAT-1214
RAT-1258;24-007515;RAT-1258;RAT-1258
RAT-0423;24-007516;RAT-0423;RAT-0423
RAT-0412;24-007517;RAT-0412;RAT-0412
RAT-0722;24-007518;RAT-0722;RAT-0722
RAT-0724;24-007519;RAT-0724;RAT-0724
RAT-04482;24-007520;RAT-04482;RAT-0448
RAT-0461;24-007521;RAT-0461;RAT-0461
RAT-0444;24-007522;RAT-0444;RAT-0444
RAT-0504;24-007523;RAT-0504;RAT-0504
RAT-0728;24-007524;RAT-0728;RAT-0728
RAT-0715;24-007525;RAT-0715;RAT-0715
RAT-0733;24-007526;RAT-0733;RAT-0733
RAT-0607DL93;24-007527;RAT-0607DL93;RAT-0607
RAT-0731;24-007528;RAT-0731;RAT-0731
RAT-0716;24-007529;RAT-0716;RAT-0716
RAT-0441;24-007530;RAT-0441;RAT-0441
RAT-0685;24-007531;RAT-0685;RAT-0685
RAT-0707DL91;24-007532;RAT-0707DL91;RAT-0707
RAT-0705DL92;24-007533;RAT-0705DL92;RAT-0705
RAT-0720;24-007534;RAT-0720;RAT-0720
RAT-0702;24-007535;RAT-0702;RAT-0702
RAT-0704DL98;24-007536;RAT-0704DL98;RAT-0704
RAT-0721;24-007537;RAT-0721;RAT-0721
RAT-0452;24-007538;RAT-0452;RAT-0452
RAT-0450;24-007539;RAT-0450;RAT-0450
RAT-0451;24-007540;RAT-0451;RAT-0451
RAT-0452;24-007541;RAT-0452;RAT-0452
RAT-0688DL53;24-007542;RAT-0688DL53;RAT-0688
RAT-0689DL62;24-007543;RAT-0689DL62;RAT-0689
RAT-0719DL63;24-007544;RAT-0719DL63;RAT-0719
RAT-0703DL80;24-007545;RAT-0703DL80;RAT-0703
RAT-0675DL81;24-007546;RAT-0675DL81;RAT-0675
RAT-0706DL86;24-007547;RAT-0706DL86;RAT-0706
RAT-0736DL87;24-007548;RAT-0736DL87;RAT-0736
RAT-0696DL22;24-007549;RAT-0696DL22;RAT-0696
RAT-0606DL32;24-007550;RAT-0606DL32;RAT-0606
RAT-0692DL33;24-007551;RAT-0692DL33;RAT-0692
RAT-0726DL41;24-007552;RAT-0726DL41;RAT-0726
RAT-0693DL42;24-007553;RAT-0693DL42;RAT-0693
RAT-0690DL43;24-007554;RAT-0690DL43;RAT-0690
RAT-0694DL52;24-007555;RAT-0694DL52;RAT-0694
RAT-0608DL21;24-007556;RAT-0608DL21;RAT-0608
RAT-0695DL20;24-007557;RAT-0695DL20;RAT-0695
RAT-0700DL19;24-007558;RAT-0700DL19;RAT-0700
RAT-0699DL14;24-007559;RAT-0699DL14;RAT-0699
RAT-0697DL13;24-007560;RAT-0697DL13;RAT-0697
RAT-0674DL12;24-007561;RAT-0674DL12;RAT-0674
RAT-0610DL11;24-007562;RAT-0610DL11;RAT-0610
RAT-0681;24-007563;RAT-0681;RAT-0681
RAT-1235;24-007564;RAT-1235;RAT-1235
RAT-1259;24-007565;RAT-1259;RAT-1259
RAT-1207;24-007566;RAT-1207;RAT-1207
RAT-1257;24-007567;RAT-1257;RAT-1257
RAT-1176;24-007568;RAT-1176;RAT-1176
RAT-1245;24-007569;RAT-1245;RAT-1245
RAT-1246;24-007570;RAT-1246;RAT-1246
RAT-1256;24-007571;RAT-1256;RAT-1256
RAT-12429;24-007572;RAT-12429;RAT-1242
RAT-1254;24-007573;RAT-1254;RAT-1254
RAT-1255;24-007574;RAT-1255;RAT-1255
RAT-1204;24-007575;RAT-1204;RAT-1204
RAT-1215;24-007576;RAT-1215;RAT-1215
RAT-1216;24-007577;RAT-1216;RAT-1216
RAT-1172;24-007578;RAT-1172;RAT-1172
RAT-1206;24-007579;RAT-1206;RAT-1206
RAT-1293;24-007580;RAT-1293;RAT-1293
RAT-1202;24-007581;RAT-1202;RAT-1202
RAT-1208;24-007582;RAT-1208;RAT-1208
RAT-1212;24-007583;RAT-1212;RAT-1212
RAT-1234;24-007584;RAT-1234;RAT-1234
RAT-1296;24-007585;RAT-1296;RAT-1296
RAT-1238;24-007586;RAT-1238;RAT-1238
RAT-1230;24-007587;RAT-1230;RAT-1230
RAT-1228;24-007588;RAT-1228;RAT-1228
RAT-1193;24-007589;RAT-1193;RAT-1193
RAT-1237;24-007590;RAT-1237;RAT-1237
RAT-1277;24-007591;RAT-1277;RAT-1277
RAT-1291;24-007592;RAT-1291;RAT-1291
RAT-1225;24-007593;RAT-1225;RAT-1225
RAT-1288;24-007594;RAT-1288;RAT-1288
RAT-1217;24-007595;RAT-1217;RAT-1217
RAT-1299;24-007596;RAT-1299;RAT-1299
RAT-1211;24-007597;RAT-1211;RAT-1211
RAT-1247;24-007598;RAT-1247;RAT-1247
RAT-1248;24-007599;RAT-1248;RAT-1248
RAT-1210;24-007600;RAT-1210;RAT-1210
RAT-1283;24-007601;RAT-1283;RAT-1283
RAT-1278;24-007602;RAT-1278;RAT-1278
RAT-1249;24-007603;RAT-1249;RAT-1249
RAT-1201;24-007604;RAT-1201;RAT-1201
RAT-1264;24-007605;RAT-1264;RAT-1264
RAT-1233;24-007606;RAT-1233;RAT-1233
RAT-1272;24-007607;RAT-1272;RAT-1272
RAT-1195;24-007608;RAT-1195;RAT-1195
RAT-1173;24-007609;RAT-1173;RAT-1173
RAT-1290;24-007610;RAT-1290;RAT-1290
RAT-1220;24-007611;RAT-1220;RAT-1220
RAT-1209;24-007612;RAT-1209;RAT-1209
RAT-1219;24-007613;RAT-1219;RAT-1219
RAT-1218;24-007614;RAT-1218;RAT-1218
RAT-1269;24-007615;RAT-1269;RAT-1269
RAT-1236;24-007616;RAT-1236;RAT-1236
RAT-1226;24-007617;RAT-1226;RAT-1226
RAT-1239;24-007618;RAT-1239;RAT-1239
RAT-1227;24-007619;RAT-1227;RAT-1227
RAT-1268;24-007620;RAT-1268;RAT-1268
RAT-1164;24-007621;RAT-1164;RAT-1164
RAT-1292;24-007622;RAT-1292;RAT-1292
RAT-1184;24-007623;RAT-1184;RAT-1184
RAT-1275;24-007624;RAT-1275;RAT-1275
RAT-1203;24-007625;RAT-1203;RAT-1203
RAT-1178;24-007626;RAT-1178;RAT-1178
RAT-1166;24-007627;RAT-1166;RAT-1166
RAT-1240;24-007628;RAT-1240;RAT-1240
RAT-1185;24-007629;RAT-1185;RAT-1185
RAT-1179;24-007630;RAT-1179;RAT-1179
RAT-1250;24-007631;RAT-1250;RAT-1250
RAT-1270;24-007632;RAT-1270;RAT-1270
RAT-1267;24-007633;RAT-1267;RAT-1267
RAT-1232;24-007634;RAT-1232;RAT-1232
RAT-1251;24-007635;RAT-1251;RAT-1251
RAT-1182;24-007636;RAT-1182;RAT-1182
RAT-1253;24-007637;RAT-1253;RAT-1253
RAT-1190;24-007638;RAT-1190;RAT-1190
RAT-1183;24-007639;RAT-1183;RAT-1183
RAT-1191;24-007640;RAT-1191;RAT-1191
RAT-1242;24-007641;RAT-1242;RAT-1242
RAT-1244;24-007642;RAT-1244;RAT-1244
RAT-1263;24-007643;RAT-1263;RAT-1263
RAT-0152;24-001193;;RAT-0152
RAT-0153;24-001194;;RAT-0153
RAT-0123;24-007644;RAT-0123;RAT-0123
RAT-0132;24-007645;RAT-0132;RAT-0132
RAT-0133;24-007646;RAT-0133;RAT-0133
RAT-0151;24-007647;RAT-0151;RAT-0151
RAT-0134;24-007648;RAT-0134;RAT-0134
RAT-0515;24-007649;RAT-0515;RAT-0515
RAT-0514;24-007650;RAT-0514;RAT-0514
RAT-0516;24-007651;RAT-0516;RAT-0516
RAT-0525;24-007652;RAT-0525;RAT-0525
RAT-0111;24-007653;RAT-0111;RAT-0111
RAT-0121;24-007654;RAT-0121;RAT-0121
RAT-0141;24-007655;RAT-0141;RAT-0141
RAT-0143;24-007656;RAT-0143;RAT-0143
RAT-0131;24-007657;RAT-0131;RAT-0131
RAT-0122;24-007658;RAT-0122;RAT-0122
RAT-0142;24-007659;RAT-0142;RAT-0142
RAT-0113;24-007660;RAT-0113;RAT-0113
RAT-0112;24-007661;RAT-0112;RAT-0112
RAT-0114;24-007662;RAT-0114;RAT-0114
RAT-0149;24-007663;RAT-0149;RAT-0149
RAT-0127;24-007664;RAT-0127;RAT-0127
RAT-0140;24-007665;RAT-0140;RAT-0140
RAT-0147;24-007666;RAT-0147;RAT-0147
RAT-0116;24-007667;RAT-0116;RAT-0116
RAT-0146;24-007668;RAT-0146;RAT-0146
RAT-0129;24-007669;RAT-0129;RAT-0129
RAT-0137;24-007670;RAT-0137;RAT-0137
RAT-0139;24-007671;RAT-0139;RAT-0139
RAT-0144;24-007672;RAT-0144;RAT-0144
RAT-0120;24-007673;RAT-0120;RAT-0120
RAT-0136;24-007674;RAT-0136;RAT-0136
RAT-0145;24-007675;RAT-0145;RAT-0145
RAT-0126;24-007676;RAT-0126;RAT-0126
RAT-0119;24-007677;RAT-0119;RAT-0119
RAT-0130;24-007678;RAT-0130;RAT-0130
RAT-0148;24-007679;RAT-0148;RAT-0148
RAT-0117;24-007680;RAT-0117;RAT-0117
RAT-0163;24-007681;RAT-0163;RAT-0163
RAT-0161;24-007682;RAT-0161;RAT-0161
RAT-0160;24-007683;RAT-0160;RAT-0160
RAT-0158;24-007684;RAT-0158;RAT-0158
RAT-0156;24-007685;RAT-0156;RAT-0156
RAT-0159;24-007686;RAT-0159;RAT-0159
RAT-0157;24-007687;RAT-0157;RAT-0157
RAT-0162;24-007688;RAT-0162;RAT-0162
RAT-0165;24-007689;RAT-0165;RAT-0165
RAT-0167;24-007690;RAT-0167;RAT-0167
RAT-0170;24-007691;RAT-0170;RAT-0170
RAT-0154;24-007692;RAT-0154;RAT-0154
RAT-0155;24-007693;RAT-0155;RAT-0155
RAT-0164;24-007694;RAT-0164;RAT-0164
RAT-0169;24-007695;RAT-0169;RAT-0169
RAT-0168;24-007696;RAT-0168;RAT-0168
RAT-0166;24-007697;RAT-0166;RAT-0166
RAT-0171;24-007698;RAT-0171;RAT-0171
RAT-0172;24-007699;RAT-0172;RAT-0172
RAT-0175;24-007700;RAT-0175;RAT-0175
RAT-0173;24-007701;RAT-0173;RAT-0173
RAT-0177;24-007702;RAT-0177;RAT-0177
RAT-0176;24-007703;RAT-0176;RAT-0176
RAT-0179;24-007704;RAT-0179;RAT-0179
RAT-0180;24-007705;RAT-0180;RAT-0180
RAT-0178;24-007706;RAT-0178;RAT-0178
RAT-0174;24-007707;RAT-0174;RAT-0174
RAT-0150;24-007708;RAT-0150;RAT-0150
RAT-0118;24-007709;RAT-0118;RAT-0118
RAT-0128;24-007710;RAT-0128;RAT-0128
RAT-0138;24-007711;RAT-0138;RAT-0138
RAT-0578;24-007712;RAT-0578;RAT-0578
RAT-0575;24-007713;RAT-0575;RAT-0575
RAT-0570;24-007714;RAT-0570;RAT-0570
RAT-0580;24-007715;RAT-0580;RAT-0580
RAT-0569;24-007716;RAT-0569;RAT-0569
RAT-0556;24-007717;RAT-0556;RAT-0556
RAT-0564;24-007718;RAT-0564;RAT-0564
RAT-0572;24-007719;RAT-0572;RAT-0572
RAT-0589;24-007720;RAT-0589;RAT-0589
RAT-0576;24-007721;RAT-0576;RAT-0576
RAT-0574;24-007722;RAT-0574;RAT-0574
RAT-0571;24-007723;RAT-0571;RAT-0571
RAT-0573;24-007724;RAT-0573;RAT-0573
RAT-0577;24-007725;RAT-0577;RAT-0577
RAT-0579;24-007726;RAT-0579;RAT-0579
RAT-0560;24-007727;RAT-0560;RAT-0560
RAT-0561;24-007728;RAT-0561;RAT-0561
RAT-0582;24-007729;RAT-0582;RAT-0582
RAT-0583;24-007730;RAT-0583;RAT-0583
RAT-0559;24-007731;RAT-0559;RAT-0559
RAT-0558;24-007732;RAT-0558;RAT-0558
RAT-0568;24-007733;RAT-0568;RAT-0568
RAT-0567;24-007734;RAT-0567;RAT-0567
RAT-0566;24-007735;RAT-0566;RAT-0566
RAT-0557;24-007736;RAT-0557;RAT-0557
RAT-0585;24-007737;RAT-0585;RAT-0585
RAT-0584;24-007738;RAT-0584;RAT-0584
RAT-0581;24-007739;RAT-0581;RAT-0581
RAT-0586;24-007740;RAT-0586;RAT-0586
RAT-0588;24-007741;RAT-0588;RAT-0588
RAT-0583;24-007742;RAT-0583;RAT-0583
RAT-0582;24-007743;RAT-0582;RAT-0582
RAT-0587;24-007744;RAT-0587;RAT-0587
RAT-0590;24-007745;RAT-0590;RAT-0590
RAT-0565;24-007746;RAT-0565;RAT-0565
RAT-0521;24-007747;RAT-0521;RAT-0521
RAT-0517;24-007748;RAT-0517;RAT-0517
RAT-0524;24-007749;RAT-0524;RAT-0524
RAT-0512;24-007750;RAT-0512;RAT-0512
RAT-0523;24-007751;RAT-0523;RAT-0523
RAT-0520;24-007752;RAT-0520;RAT-0520
RAT-0518;24-007753;RAT-0518;RAT-0518
RAT-0522;24-007754;RAT-0522;RAT-0522
RAT-0519;24-007755;RAT-0519;RAT-0519
RAT-0513;24-007756;RAT-0513;RAT-0513
RAT-0540;24-007757;RAT-0540;RAT-0540
RAT-0528;24-007758;RAT-0528;RAT-0528
RAT-0526;24-007759;RAT-0526;RAT-0526
RAT-0537;24-007760;RAT-0537;RAT-0537
RAT-0527;24-007761;RAT-0527;RAT-0527
RAT-0530;24-007762;RAT-0530;RAT-0530
RAT-0539;24-007763;RAT-0539;RAT-0539
RAT-0533;24-007764;RAT-0533;RAT-0533
RAT-0532;24-007765;RAT-0532;RAT-0532
RAT-0531;24-007766;RAT-0531;RAT-0531
RAT-0545;24-007767;RAT-0545;RAT-0545
RAT-0534;24-007768;RAT-0534;RAT-0534
RAT-0543;24-007769;RAT-0543;RAT-0543
RAT-0548;24-007770;RAT-0548;RAT-0548
RAT-0552;24-007771;RAT-0552;RAT-0552
RAT-0550;24-007772;RAT-0550;RAT-0550
RAT-0555;24-007773;RAT-0555;RAT-0555
RAT-0551;24-007774;RAT-0551;RAT-0551
RAT-0542;24-007775;RAT-0542;RAT-0542
RAT-0535;24-007776;RAT-0535;RAT-0535
RAT-0544;24-007777;RAT-0544;RAT-0544
RAT-0538;24-007778;RAT-0538;RAT-0538
RAT-0549;24-007779;RAT-0549;RAT-0549
RAT-0536;24-007780;RAT-0536;RAT-0536
RAT-0553;24-007781;RAT-0553;RAT-0553
RAT-0554;24-007782;RAT-0554;RAT-0554
RAT-0541;24-007783;RAT-0541;RAT-0541
RAT-0547;24-007784;RAT-0547;RAT-0547
RAT-0529;24-007785;RAT-0529;RAT-0529
RAT-0546;24-007786;RAT-0546;RAT-0546
RAT-0416;24-007787;RAT-0416;RAT-0416
RAT-0417;24-007788;RAT-0417;RAT-0417
RAT-0415;24-007789;RAT-0415;RAT-0415
RAT-0414;24-007790;RAT-0414;RAT-0414
RAT-0418;24-007791;RAT-0418;RAT-0418
RAT-0419;24-007792;RAT-0419;RAT-0419
RAT-0413;24-007793;RAT-0413;RAT-0413
RAT-0429;24-007794;RAT-0429;RAT-0429
RAT-0428;24-007795;RAT-0428;RAT-0428
RAT-0422;24-007796;RAT-0422;RAT-0422
RAT-0424;24-007797;RAT-0424;RAT-0424
RAT-0427;24-007798;RAT-0427;RAT-0427
RAT-0420;24-007799;RAT-0420;RAT-0420
RAT-0425;24-007800;RAT-0425;RAT-0425
RAT-0426;24-007801;RAT-0426;RAT-0426
RAT-0436;24-007802;RAT-0436;RAT-0436
RAT-0439;24-007803;RAT-0439;RAT-0439
RAT-0437;24-007804;RAT-0437;RAT-0437
RAT-0435;24-007805;RAT-0435;RAT-0435
RAT-0438;24-007806;RAT-0438;RAT-0438
RAT-0430;24-007807;RAT-0430;RAT-0430
RAT-0432;24-007808;RAT-0432;RAT-0432
RAT-0446;24-007809;RAT-0446;RAT-0446
RAT-0456;24-007810;RAT-0456;RAT-0456
RAT-0449;24-007811;RAT-0449;RAT-0449
RAT-0443;24-007812;RAT-0443;RAT-0443
RAT-0447;24-007813;RAT-0447;RAT-0447
RAT-0448;24-007814;RAT-0448;RAT-0448
RAT-0445;24-007815;RAT-0445;RAT-0445
RAT-0440;24-007816;RAT-0440;RAT-0440
RAT-0453;24-007817;RAT-0453;RAT-0453
RAT-0433;24-007818;RAT-0433;RAT-0433
RAT-0471;24-007819;RAT-0471;RAT-0471
RAT-0434;24-007820;RAT-0434;RAT-0434
RAT-0457;24-007821;RAT-0457;RAT-0457
RAT-0459;24-007822;RAT-0459;RAT-0459
RAT-0454;24-007823;RAT-0454;RAT-0454
RAT-0458;24-007824;RAT-0458;RAT-0458
RAT-0450;24-007825;RAT-0450;RAT-0450
RAT-0455;24-007826;RAT-0455;RAT-0455
RAT-0451;24-007827;RAT-0451;RAT-0451
RAT-0500;24-007828;RAT-0500;RAT-0500
RAT-0507;24-007829;RAT-0507;RAT-0507
RAT-0506;24-007830;RAT-0506;RAT-0506
RAT-0466;24-007831;RAT-0466;RAT-0466
RAT-0462;24-007832;RAT-0462;RAT-0462
RAT-0468;24-007833;RAT-0468;RAT-0468
RAT-0460;24-007834;RAT-0460;RAT-0460
RAT-0465;24-007835;RAT-0465;RAT-0465
RAT-0469;24-007836;RAT-0469;RAT-0469
RAT-0467;24-007837;RAT-0467;RAT-0467
RAT-0479;24-007838;RAT-0479;RAT-0479
RAT-0476;24-007839;RAT-0476;RAT-0476
RAT-0475;24-007840;RAT-0475;RAT-0475
RAT-0473;24-007841;RAT-0473;RAT-0473
RAT-0470;24-007842;RAT-0470;RAT-0470
RAT-0472;24-007843;RAT-0472;RAT-0472
RAT-0478;24-007844;RAT-0478;RAT-0478
RAT-0481;24-007845;RAT-0481;RAT-0481
RAT-0487;24-007846;RAT-0487;RAT-0487
RAT-0485;24-007847;RAT-0485;RAT-0485
RAT-0489;24-007848;RAT-0489;RAT-0489
RAT-0480;24-007849;RAT-0480;RAT-0480
RAT-0486;24-007850;RAT-0486;RAT-0486
RAT-0491;24-007851;RAT-0491;RAT-0491
RAT-0492;24-007852;RAT-0492;RAT-0492
RAT-0493;24-007853;RAT-0493;RAT-0493
RAT-0495;24-007854;RAT-0495;RAT-0495
RAT-0490;24-007855;RAT-0490;RAT-0490
RAT-0494;24-007856;RAT-0494;RAT-0494
RAT-0497;24-007857;RAT-0497;RAT-0497
RAT-0496;24-007858;RAT-0496;RAT-0496
RAT-0503;24-007859;RAT-0503;RAT-0503
RAT-0505;24-007860;RAT-0505;RAT-0505
RAT-0510;24-007861;RAT-0510;RAT-0510
RAT-0502;24-007862;RAT-0502;RAT-0502
RAT-0501;24-007863;RAT-0501;RAT-0501
RAT-0596;24-007864;RAT-0596;RAT-0596
RAT-0199;24-007865;RAT-0199;RAT-0199
RAT-0198;24-007866;RAT-0198;RAT-0198
RAT-0386;24-007867;RAT-0386;RAT-0386
RAT-0346;24-007868;RAT-0346;RAT-0346
RAT-0366;24-007869;RAT-0366;RAT-0366
RAT-0357;24-007870;RAT-0357;RAT-0357
RAT-0397;24-007871;RAT-0397;RAT-0397
RAT-0336;24-007872;RAT-0336;RAT-0336
RAT-0396;24-007873;RAT-0396;RAT-0396
RAT-0347;24-007874;RAT-0347;RAT-0347
RAT-0608;24-007875;RAT-0608;RAT-0608
RAT-0316;24-007876;RAT-0316;RAT-0316
RAT-0356;24-007877;RAT-0356;RAT-0356
RAT-0376;24-007878;RAT-0376;RAT-0376
RAT-0407;24-007879;RAT-0407;RAT-0407
RAT-0406;24-007880;RAT-0406;RAT-0406
RAT-0323;24-007881;RAT-0323;RAT-0323
RAT-0353;24-007882;RAT-0353;RAT-0353
RAT-0373;24-007883;RAT-0373;RAT-0373
RAT-0367;24-007884;RAT-0367;RAT-0367
RAT-0312;24-007885;RAT-0312;RAT-0312
RAT-0383;24-007886;RAT-0383;RAT-0383
RAT-0393;24-007887;RAT-0393;RAT-0393
RAT-0322;24-007888;RAT-0322;RAT-0322
RAT-0363;24-007889;RAT-0363;RAT-0363
RAT-0343;24-007890;RAT-0343;RAT-0343
RAT-0403;24-007891;RAT-0403;RAT-0403
RAT-0377;24-007892;RAT-0377;RAT-0377
RAT-0381;24-007893;RAT-0381;RAT-0381
RAT-0341;24-007894;RAT-0341;RAT-0341
RAT-0351;24-007895;RAT-0351;RAT-0351
RAT-0372;24-007896;RAT-0372;RAT-0372
RAT-0342;24-007897;RAT-0342;RAT-0342
RAT-0321;24-007898;RAT-0321;RAT-0321
RAT-0382;24-007899;RAT-0382;RAT-0382
RAT-0402;24-007900;RAT-0402;RAT-0402
RAT-0362;24-007901;RAT-0362;RAT-0362
RAT-0311;24-007902;RAT-0311;RAT-0311
RAT-0361;24-007903;RAT-0361;RAT-0361
RAT-0401;24-007904;RAT-0401;RAT-0401
RAT-0371;24-007905;RAT-0371;RAT-0371
RAT-0391;24-007906;RAT-0391;RAT-0391
RAT-0365;24-007907;RAT-0365;RAT-0365
RAT-0405;24-007908;RAT-0405;RAT-0405
RAT-0355;24-007909;RAT-0355;RAT-0355
RAT-0384;24-007910;RAT-0384;RAT-0384
RAT-0314;24-007911;RAT-0314;RAT-0314
RAT-0364;24-007912;RAT-0364;RAT-0364
RAT-0344;24-007913;RAT-0344;RAT-0344
RAT-0324;24-007914;RAT-0324;RAT-0324
RAT-0345;24-007915;RAT-0345;RAT-0345
RAT-0385;24-007916;RAT-0385;RAT-0385
RAT-0315;24-007917;RAT-0315;RAT-0315
RAT-0374;24-007918;RAT-0374;RAT-0374
RAT-0335;24-007919;RAT-0335;RAT-0335
RAT-0334;24-007920;RAT-0334;RAT-0334
RAT-0394;24-007921;RAT-0394;RAT-0394
RAT-0404;24-007922;RAT-0404;RAT-0404
RAT-0375;24-007923;RAT-0375;RAT-0375
RAT-0680;24-007925;RAT-0680;RAT-0680
RAT-0711;24-007926;RAT-0711;RAT-0711
RAT-0718;24-007927;RAT-0718;RAT-0718
RAT-0687;24-007928;RAT-0687;RAT-0687
RAT-0710DM37;24-007929;RAT-0710DM37;RAT-0710
RAT-0737;24-007930;RAT-0737;RAT-0737
RAT-0508;24-007931;RAT-0508;RAT-0508
RAT-0488;24-007932;RAT-0488;RAT-0488
RAT-0677;24-007933;RAT-0677;RAT-0677
RAT-0670;24-007934;RAT-0670;RAT-0670
RAT-0686;24-007935;RAT-0686;RAT-0686
RAT-0709;24-007936;RAT-0709;RAT-0709
RAT-0682;24-007937;RAT-0682;RAT-0682
RAT-0684;24-007938;RAT-0684;RAT-0684
RAT-0714DM50;24-007939;RAT-0714DM50;RAT-0714
RAT-0609DM36;24-007940;RAT-0609DM36;RAT-0609
RAT-0717;24-007941;RAT-0717;RAT-0717
RAT-0676;24-007942;RAT-0676;RAT-0676
RAT-0708;24-007943;RAT-0708;RAT-0708
RAT-0499;24-007944;RAT-0499;RAT-0499
RAT-0713;24-007945;RAT-0713;RAT-0713
RAT-0683;24-007946;RAT-0683;RAT-0683
RAT-0732;24-007947;RAT-0732;RAT-0732
RAT-0698;24-007948;RAT-0698;RAT-0698
RAT-0729;24-007949;RAT-0729;RAT-0729
RAT-0723;24-007950;RAT-0723;RAT-0723
RAT-0712;24-007951;RAT-0712;RAT-0712
RAT-0509;24-007952;RAT-0509;RAT-0509
RAT-0691;24-007953;RAT-0691;RAT-0691
RAT-0498;24-007954;RAT-0498;RAT-0498
RAT-0738;24-007955;RAT-0738;RAT-0738
RAT-0701;24-007956;RAT-0701;RAT-0701
RAT-0730;24-007957;RAT-0730;RAT-0730
RAT-0725;24-007958;RAT-0725;RAT-0725
RAT-0735;24-007959;RAT-0735;RAT-0735
RAT-0717;24-007960;RAT-0717;RAT-0717
RAT-0398;24-007961;RAT-0398;RAT-0398
RAT-0348;24-007962;RAT-0348;RAT-0348
RAT-0358;24-007963;RAT-0358;RAT-0358
RAT-0327;24-007964;RAT-0327;RAT-0327
RAT-0368;24-007965;RAT-0368;RAT-0368
RAT-0378;24-007966;RAT-0378;RAT-0378
RAT-0388;24-007967;RAT-0388;RAT-0388
RAT-0337;24-007968;RAT-0337;RAT-0337
RAT-0317;24-007969;RAT-0317;RAT-0317
RAT-0255;24-007970;RAT-0255;RAT-0255
RAT-0215;24-007971;RAT-0215;RAT-0215
RAT-0289;24-007972;RAT-0289;RAT-0289
RAT-0235;24-007973;RAT-0235;RAT-0235
RAT-0661;24-007974;RAT-0661;RAT-0661
RAT-0272;24-007975;RAT-0272;RAT-0272
RAT-0669;24-007976;RAT-0669;RAT-0669
RAT-0220;24-007977;RAT-0220;RAT-0220
RAT-0225;24-007978;RAT-0225;RAT-0225
RAT-0261;24-007979;RAT-0261;RAT-0261
RAT-0287;24-007980;RAT-0287;RAT-0287
RAT-0286;24-007981;RAT-0286;RAT-0286
RAT-0275;24-007982;RAT-0275;RAT-0275
RAT-0283;24-007983;RAT-0283;RAT-0283
RAT-0643;24-007984;RAT-0643;RAT-0643
RAT-0651;24-007985;RAT-0651;RAT-0651
RAT-0277;24-007986;RAT-0277;RAT-0277
RAT-0271;24-007987;RAT-0271;RAT-0271
RAT-0256;24-007988;RAT-0256;RAT-0256
RAT-0304;24-007989;RAT-0304;RAT-0304
RAT-0296;24-007990;RAT-0296;RAT-0296
RAT-0291;24-007991;RAT-0291;RAT-0291
RAT-0667;24-007992;RAT-0667;RAT-0667
RAT-0240;24-007993;RAT-0240;RAT-0240
RAT-0293;24-007994;RAT-0293;RAT-0293
RAT-0246;24-007995;RAT-0246;RAT-0246
RAT-0295;24-007996;RAT-0295;RAT-0295
RAT-0245;24-007997;RAT-0245;RAT-0245
RAT-0257;24-007998;RAT-0257;RAT-0257
RAT-0284;24-007999;RAT-0284;RAT-0284
RAT-0267;24-008000;RAT-0267;RAT-0267
RAT-0216;24-008001;RAT-0216;RAT-0216
RAT-0281;24-008002;RAT-0281;RAT-0281
RAT-0301;24-008003;RAT-0301;RAT-0301
RAT-0266;24-008004;RAT-0266;RAT-0266
RAT-0292;24-008005;RAT-0292;RAT-0292
RAT-0298;24-008006;RAT-0298;RAT-0298
RAT-0230;24-008007;RAT-0230;RAT-0230
RAT-0294;24-008008;RAT-0294;RAT-0294
RAT-0262;24-008009;RAT-0262;RAT-0262
RAT-0273;24-008010;RAT-0273;RAT-0273
RAT-0265;24-008011;RAT-0265;RAT-0265
RAT-0274;24-008012;RAT-0274;RAT-0274
RAT-0270;24-008013;RAT-0270;RAT-0270
RAT-0282;24-008014;RAT-0282;RAT-0282
RAT-0303;24-008015;RAT-0303;RAT-0303
RAT-0302;24-008016;RAT-0302;RAT-0302
RAT-0236;24-008017;RAT-0236;RAT-0236
RAT-0305;24-008018;RAT-0305;RAT-0305
RAT-0276;24-008019;RAT-0276;RAT-0276
RAT-0226;24-008020;RAT-0226;RAT-0226
RAT-0657;24-008021;RAT-0657;RAT-0657
RAT-0665;24-008022;RAT-0665;RAT-0665
RAT-0656;24-008023;RAT-0656;RAT-0656
RAT-0248;24-008024;RAT-0248;RAT-0248
RAT-0673;24-008025;RAT-0673;RAT-0673
RAT-0213;24-008026;RAT-0213;RAT-0213
RAT-0249;24-008027;RAT-0249;RAT-0249
RAT-0251;24-008028;RAT-0251;RAT-0251
RAT-0228;24-008029;RAT-0228;RAT-0228
RAT-0221;24-008030;RAT-0221;RAT-0221
RAT-0663;24-008031;RAT-0663;RAT-0663
RAT-0660;24-008032;RAT-0660;RAT-0660
RAT-0641;24-008033;RAT-0641;RAT-0641
RAT-0658;24-008034;RAT-0658;RAT-0658
RAT-0309;24-008035;RAT-0309;RAT-0309
RAT-0242;24-008036;RAT-0242;RAT-0242
RAT-0227;24-008037;RAT-0227;RAT-0227
RAT-0231;24-008038;RAT-0231;RAT-0231
RAT-0297;24-008039;RAT-0297;RAT-0297
RAT-0279;24-008040;RAT-0279;RAT-0279
RAT-0229;24-008041;RAT-0229;RAT-0229
RAT-0259;24-008042;RAT-0259;RAT-0259
RAT-0269;24-008043;RAT-0269;RAT-0269
RAT-0260;24-008044;RAT-0260;RAT-0260
RAT-0218;24-008045;RAT-0218;RAT-0218
RAT-0217;24-008046;RAT-0217;RAT-0217
RAT-0223;24-008047;RAT-0223;RAT-0223
RAT-0238;24-008048;RAT-0238;RAT-0238
RAT-0285;24-008049;RAT-0285;RAT-0285
RAT-0672;24-008050;RAT-0672;RAT-0672
RAT-0278;24-008051;RAT-0278;RAT-0278
RAT-0310;24-008052;RAT-0310;RAT-0310
RAT-0219;24-008053;RAT-0219;RAT-0219
RAT-0239;24-008054;RAT-0239;RAT-0239
RAT-0307;24-008055;RAT-0307;RAT-0307
RAT-0264;24-008056;RAT-0264;RAT-0264
RAT-0654;24-008057;RAT-0654;RAT-0654
RAT-0250;24-008058;RAT-0250;RAT-0250
RAT-0247;24-008059;RAT-0247;RAT-0247
RAT-0290;24-008060;RAT-0290;RAT-0290
RAT-0268;24-008061;RAT-0268;RAT-0268
RAT-0258;24-008062;RAT-0258;RAT-0258
RAT-0237;24-008063;RAT-0237;RAT-0237
RAT-0254;24-008064;RAT-0254;RAT-0254
RAT-0244;24-008065;RAT-0244;RAT-0244
RAT-0666;24-008066;RAT-0666;RAT-0666
RAT-0253;24-008067;RAT-0253;RAT-0253
RAT-0233;24-008068;RAT-0233;RAT-0233
RAT-0214;24-008069;RAT-0214;RAT-0214
RAT-0659;24-008070;RAT-0659;RAT-0659
RAT-0234;24-008071;RAT-0234;RAT-0234
RAT-0263;24-008072;RAT-0263;RAT-0263
RAT-0212;24-008073;RAT-0212;RAT-0212
RAT-0653;24-008074;RAT-0653;RAT-0653
RAT-0299;24-008075;RAT-0299;RAT-0299
RAT-0224;24-008076;RAT-0224;RAT-0224
RAT-0671;24-008077;RAT-0671;RAT-0671
RAT-0243;24-008078;RAT-0243;RAT-0243
RAT-0306;24-008079;RAT-0306;RAT-0306
RAT-0222;24-008080;RAT-0222;RAT-0222
RAT-0668;24-008081;RAT-0668;RAT-0668
RAT-0650;24-008082;RAT-0650;RAT-0650
RAT-649;24-008083;RAT-649;RAT-0649
RAT-0640;24-008084;RAT-0640;RAT-0640
RAT-0635;24-008085;RAT-0635;RAT-0635
RAT-0647;24-008086;RAT-0647;RAT-0647
RAT-0634;24-008087;RAT-0634;RAT-0634
RAT-0645;24-008088;RAT-0645;RAT-0645
RAT-0352;24-008089;RAT-0352;RAT-0352
RAT-0638;24-008090;RAT-0638;RAT-0638
RAT-0332;24-008091;RAT-0332;RAT-0332
RAT-0636;24-008092;RAT-0636;RAT-0636
RAT-0637;24-008093;RAT-0637;RAT-0637
RAT-0648;24-008094;RAT-0648;RAT-0648
RAT-0646;24-008095;RAT-0646;RAT-0646
RAT-0329;24-008096;RAT-0329;RAT-0329
RAT-0399;24-008097;RAT-0399;RAT-0399
RAT-0330;24-008098;RAT-0330;RAT-0330
RAT-0360;24-008099;RAT-0360;RAT-0360
RAT-0340;24-008100;RAT-0340;RAT-0340
RAT-0380;24-008101;RAT-0380;RAT-0380
RAT-0410;24-008102;RAT-0410;RAT-0410
RAT-0390;24-008103;RAT-0390;RAT-0390
RAT-0400;24-008104;RAT-0400;RAT-0400
RAT-0389;24-008105;RAT-0389;RAT-0389
RAT-0409;24-008106;RAT-0409;RAT-0409
RAT-0319;24-008107;RAT-0319;RAT-0319
RAT-0349;24-008108;RAT-0349;RAT-0349
RAT-0370;24-008109;RAT-0370;RAT-0370
RAT-0339;24-008110;RAT-0339;RAT-0339
RAT-0320;24-008111;RAT-0320;RAT-0320
RAT-0318;24-008112;RAT-0318;RAT-0318
RAT-0369;24-008113;RAT-0369;RAT-0369
RAT-0359;24-008114;RAT-0359;RAT-0359
RAT-0379;24-008115;RAT-0379;RAT-0379
RAT-2001;24-008925;;RAT-2001
RAT-2002;24-008926;;RAT-2002
RAT-2003;24-008927;;RAT-2003
RAT-2004;24-008928;;RAT-2004
RAT-2005;24-008929;;RAT-2005
RAT-2006;24-008930;;RAT-2006
RAT-2007;24-008931;;RAT-2007
RAT-2008;24-008932;;RAT-2008
RAT-2009;24-008933;;RAT-2009
RAT-2010;24-008934;;RAT-2010
RAT-2011;24-008935;;RAT-2011
RAT-2012;24-008936;;RAT-2012
RAT-2013;24-008937;;RAT-2013
RAT-2014;24-008938;;RAT-2014
RAT-2015;24-008939;;RAT-2015
RAT-2016;24-008940;;RAT-2016
RAT-2017;24-008941;;RAT-2017
RAT-2018;24-008942;;RAT-2018
RAT-2019;24-008943;;RAT-2019
RAT-2020;24-008944;;RAT-2020
RAT-2021;24-008945;;RAT-2021
RAT-2022;24-008946;;RAT-2022
RAT-2023;24-008947;;RAT-2023
RAT-2024;24-008948;;RAT-2024
RAT-2025;24-008949;;RAT-2025
RAT-2026;24-008950;;RAT-2026
RAT-2027;24-008951;;RAT-2027
RAT-2028;24-008952;;RAT-2028
RAT-2029;24-008953;;RAT-2029
RAT-2030;24-008954;;RAT-2030
RAT-2031;24-008955;;RAT-2031
RAT-2032;24-008956;;RAT-2032
RAT-2033;24-008957;;RAT-2033
RAT-2034;24-008958;;RAT-2034
RAT-2035;24-008959;;RAT-2035
RAT-2036;24-008960;;RAT-2036
RAT-2037;24-008961;;RAT-2037
RAT-2038;24-008962;;RAT-2038
RAT-2039;24-008963;;RAT-2039
RAT-2040;24-008964;;RAT-2040
RAT-2041;24-008965;;RAT-2041
RAT-2042;24-008966;;RAT-2042
RAT-2043;24-008967;;RAT-2043
RAT-2044;24-008968;;RAT-2044
RAT-2045;24-008969;;RAT-2045
RAT-2046;24-008970;;RAT-2046
RAT-2047;24-008971;;RAT-2047
RAT-2048;24-008972;;RAT-2048
RAT-2049;24-008973;;RAT-2049
RAT-2050;24-008974;;RAT-2050
RAT-2051;24-008975;;RAT-2051
RAT-2052;24-008976;;RAT-2052
RAT-2053;24-008977;;RAT-2053
RAT-2054;24-008978;;RAT-2054
RAT-2055;24-008979;;RAT-2055
RAT-2056;24-008980;;RAT-2056
RAT-2057;24-008981;;RAT-2057
RAT-2058;24-008982;;RAT-2058
RAT-2059;24-008983;;RAT-2059
RAT-2060;24-008984;;RAT-2060
RAT-2061;24-008985;;RAT-2061
RAT-2062;24-008986;;RAT-2062
RAT-2063;24-008987;;RAT-2063
RAT-2064;24-008988;;RAT-2064
RAT-2065;24-008989;;RAT-2065
RAT-2066;24-008990;;RAT-2066
RAT-2067;24-008991;;RAT-2067
RAT-2068;24-008992;;RAT-2068
RAT-2069;24-008993;;RAT-2069
RAT-2070;24-008994;;RAT-2070
RAT-2071;24-008995;;RAT-2071
RAT-2072;24-008996;;RAT-2072
RAT-2073;24-008997;;RAT-2073
RAT-2074;24-008998;;RAT-2074
RAT-2075;24-008999;;RAT-2075
RAT-2076;24-009000;;RAT-2076
RAT-2077;24-009001;;RAT-2077
RAT-2078;24-009002;;RAT-2078
RAT-2079;24-009003;;RAT-2079
RAT-2080;24-009004;;RAT-2080
RAT-2081;24-009005;;RAT-2081
RAT-2082;24-009006;;RAT-2082
RAT-2083;24-009007;;RAT-2083
RAT-2084;24-009008;;RAT-2084
RAT-2085;24-009009;;RAT-2085
RAT-2086;24-009010;;RAT-2086
RAT-2087;24-009011;;RAT-2087
RAT-2088;24-009012;;RAT-2088
RAT-2089;24-009013;;RAT-2089
RAT-2090;24-009014;;RAT-2090
RAT-2091;24-009015;;RAT-2091
RAT-0859DD56;24-009016;;RAT-0859
RAT-0913DS37;24-009017;;RAT-0913
RAT-0912DL60;24-009018;;RAT-0912
RAT-0849BE35;24-009019;;RAT-0849
RAT-0904DD71;24-009020;;RAT-0904
RAT-0884DE11;24-009021;;RAT-0884
RAT-0860DD64;24-009022;;RAT-0860
RAT-0846DE23;24-009023;;RAT-0846
RAT-0866DD33;24-009024;;RAT-0866
RAT-0873DL73;24-009025;;RAT-0873
RAT-0861DL95;24-009026;;RAT-0861
RAT-0850DD3;24-009027;;RAT-0850
RAT-0916DL37;24-009028;;RAT-0916
RAT-0862;24-009029;;RAT-0862
RAT-0887DE34;24-009030;;RAT-0887
RAT-0844DE45;24-009031;;RAT-0844
RAT-0915DL36;24-009032;;RAT-0915
RAT-0909DL78;24-009033;;RAT-0909
RAT-0885DL29;24-009034;;RAT-0885
RAT-0903DL94;24-009035;;RAT-0903
RAT-0908DL68;24-009036;;RAT-0908
RAT-0843DL40;24-009037;;RAT-0843
RAT-0890DE59;24-009038;;RAT-0890
RAT-0877DL57;24-009039;;RAT-0877
RAT-0882DE12;24-009040;;RAT-0882
RAT-0881DL1;24-009041;;RAT-0881
RAT-0911DL79;24-009042;;RAT-0911
RAT-0876DL47;24-009043;;RAT-0876
RAT-0879DL4;24-009044;;RAT-0879
RAT-0875DL65;24-009045;;RAT-0875
RAT-0871DD99;24-009046;;RAT-0871
RAT-0853DD16;24-009047;;RAT-0853
RAT-0888DE35;24-009048;;RAT-0888
RAT-0854DD18;24-009049;;RAT-0854
RAT-0858DL76;24-009050;;RAT-0858
RAT-0852BE34;24-009051;;RAT-0852
RAT-0889DE72;24-009052;;RAT-0889
RAT-0878DD96;24-009053;;RAT-0878
RAT-0869DD95;24-009054;;RAT-0869
RAT-0880DL5;24-009055;;RAT-0880
RAT-0856DL89;24-009056;;RAT-0856
RAT-0855DL83;24-009057;;RAT-0855
RAT-0252;24-009058;;RAT-0252
RAT-0300;24-009059;;RAT-0300
RAT-0001;24-009060;;RAT-0001
RAT-0005;24-009061;;RAT-0005
RAT-0006;24-009062;;RAT-0006
RAT-0008;24-009063;;RAT-0008
RAT-0009;24-009064;;RAT-0009
RAT-0011;24-009065;;RAT-0011
RAT-0012;24-009066;;RAT-0012
RAT-0015;24-009067;;RAT-0015
RAT-0019;24-009068;;RAT-0019
RAT-0023;24-009069;;RAT-0023
RAT-0089;24-009070;;RAT-0089
RAT-0087;24-009071;;RAT-0087
RAT-0096;24-009072;;RAT-0096
RAT-0095;24-009073;;RAT-0095
RAT-0094;24-009074;;RAT-0094
RAT-0093;24-009075;;RAT-0093
RAT-0097;24-009076;;RAT-0097
RAT-0090;24-009077;;RAT-0090
RAT-0099;24-009078;;RAT-0099
RAT-0082;24-009079;;RAT-0082
RAT-0091;24-009080;;RAT-0091
RAT-0085;24-009081;;RAT-0085
RAT-0083;24-009082;;RAT-0083
RAT-0084;24-009083;;RAT-0084
RAT-0092;24-009084;;RAT-0092
RAT-0100;24-009085;;RAT-0100
RAT-0980;24-009086;;RAT-0980
RAT-0088;24-009087;;RAT-0088
RAT-0086;24-009088;;RAT-0086
RAT-0774;24-009089;;RAT-0774
RAT-0770;24-009090;;RAT-0770
RAT-0777;24-009091;;RAT-0777
RAT-0822;24-009092;;RAT-0822
RAT-0824;24-009093;;RAT-0824
RAT-0768;24-009094;;RAT-0768
RAT-0786;24-009095;;RAT-0786
RAT-0778;24-009096;;RAT-0778
RAT-0771;24-009097;;RAT-0771
RAT-0766;24-009098;;RAT-0766
RAT-0772;24-009099;;RAT-0772
RAT-0837;24-009100;;RAT-0837
RAT-0838;24-009101;;RAT-0838
RAT-0787;24-009102;;RAT-0787
RAT-0834;24-009103;;RAT-0834
RAT-0782;24-009104;;RAT-0782
RAT-0788;24-009105;;RAT-0788
RAT-0781;24-009106;;RAT-0781
RAT-0769;24-009107;;RAT-0769
RAT-0829;24-009108;;RAT-0829
RAT-0783;24-009109;;RAT-0783
RAT-0831;24-009110;;RAT-0831
RAT-0832;24-009111;;RAT-0832
RAT-0826;24-009112;;RAT-0826
RAT-0823;24-009113;;RAT-0823
RAT-0780;24-009114;;RAT-0780
RAT-0775;24-009115;;RAT-0775
RAT-0825;24-009116;;RAT-0825
RAT-0830;24-009117;;RAT-0830
RAT-0773;24-009118;;RAT-0773
RAT-0785;24-009119;;RAT-0785
RAT-0789;24-009120;;RAT-0789
RAT-0839;24-009121;;RAT-0839
RAT-0784;24-009122;;RAT-0784
RAT-0806;24-009123;;RAT-0806
RAT-0805;24-009124;;RAT-0805
RAT-0807;24-009125;;RAT-0807
RAT-0804;24-009126;;RAT-0804
RAT-0816ML26;24-009127;;RAT-0816
RAT-0819ML36;24-009128;;RAT-0819
RAT-0814ML45;24-009129;;RAT-0814
RAT-0791;24-009130;;RAT-0791
RAT-0792;24-009131;;RAT-0792
RAT-0794;24-009132;;RAT-0794
RAT-0793;24-009133;;RAT-0793
RAT-0803;24-009134;;RAT-0803
RAT-0802;24-009135;;RAT-0802
RAT-0811;24-009136;;RAT-0811
RAT-0808;24-009137;;RAT-0808
RAT-0809;24-009138;;RAT-0809
RAT-0810;24-009139;;RAT-0810
RAT-0762;24-009140;;RAT-0762
RAT-0763;24-009141;;RAT-0763
RAT-0840;24-009142;;RAT-0840
RAT-0841;24-009143;;RAT-0841
RAT-0812ML27;24-009144;;RAT-0812
RAT-0818ML22;24-009145;;RAT-0818
RAT-0820ML38;24-009146;;RAT-0820
RAT-0815ML29;24-009147;;RAT-0815
RAT-0817ML35;24-009148;;RAT-0817
RAT-0813ML28;24-009149;;RAT-0813
RAT-1082;24-009150;;RAT-1082
RAT-1130;24-009151;;RAT-1130
RAT-1070;24-009152;;RAT-1070
RAT-1077;24-009153;;RAT-1077
RAT-1136;24-009154;;RAT-1136
RAT-1154;24-009155;;RAT-1154
RAT-1112;24-009156;;RAT-1112
RAT-1149;24-009157;;RAT-1149
RAT-1132;24-009158;;RAT-1132
RAT-1063;24-009159;;RAT-1063
RAT-1160;24-009160;;RAT-1160
RAT-1080;24-009161;;RAT-1080
RAT-1155;24-009162;;RAT-1155
RAT-1127;24-009163;;RAT-1127
RAT-1083;24-009164;;RAT-1083
RAT-1144;24-009165;;RAT-1144
RAT-1138;24-009166;;RAT-1138
RAT-1104;24-009167;;RAT-1104
RAT-1087;24-009168;;RAT-1087
RAT-1065;24-009169;;RAT-1065
RAT-1134;24-009170;;RAT-1134
RAT-1115;24-009171;;RAT-1115
RAT-1151;24-009172;;RAT-1151
RAT-1125;24-009173;;RAT-1125
RAT-1097;24-009174;;RAT-1097
RAT-1096;24-009175;;RAT-1096
RAT-1108;24-009176;;RAT-1108
RAT-1140;24-009177;;RAT-1140
RAT-1162;24-009178;;RAT-1162
RAT-1152;24-009179;;RAT-1152
RAT-1137;24-009180;;RAT-1137
RAT-1069;24-009181;;RAT-1069
RAT-1089;24-009182;;RAT-1089
RAT-1108;24-009183;;RAT-1108
RAT-1141;24-009184;;RAT-1141
RAT-1062;24-009185;;RAT-1062
RAT-1145;24-009186;;RAT-1145
RAT-1124;24-009187;;RAT-1124
RAT-1090;24-009188;;RAT-1090
RAT-1142;24-009189;;RAT-1142
RAT-1114;24-009190;;RAT-1114
RAT-1147;24-009191;;RAT-1147
RAT-1163;24-009192;;RAT-1163
RAT-1061;24-009193;;RAT-1061
RAT-1123;24-009194;;RAT-1123
RAT-1161;24-009195;;RAT-1161
RAT-1075;24-009196;;RAT-1075
RAT-1101;24-009197;;RAT-1101
RAT-1148;24-009198;;RAT-1148
RAT-1135;24-009199;;RAT-1135
RAT-1121;24-009200;;RAT-1121
RAT-1128;24-009201;;RAT-1128
RAT-1156;24-009202;;RAT-1156
RAT-1076;24-009203;;RAT-1076
RAT-1068;24-009204;;RAT-1068
RAT-1143;24-009205;;RAT-1143
RAT-1098;24-009206;;RAT-1098
RAT-1106;24-009207;;RAT-1106
RAT-1150;24-009208;;RAT-1150
RAT-1105;24-009209;;RAT-1105
RAT-1157;24-009210;;RAT-1157
RAT-1086;24-009211;;RAT-1086
RAT-1129;24-009212;;RAT-1129
RAT-1084;24-009213;;RAT-1084
RAT-1091;24-009214;;RAT-1091
RAT-1078;24-009215;;RAT-1078
RAT-1099;24-009216;;RAT-1099
RAT-1071;24-009217;;RAT-1071
RAT-1085;24-009218;;RAT-1085
RAT-1092;24-009219;;RAT-1092
RAT-1079;24-009220;;RAT-1079
RAT-1072;24-009221;;RAT-1072
RAT-1159;24-009222;;RAT-1159
RAT-1107;24-009223;;RAT-1107
RAT-1064;24-009224;;RAT-1064
RAT-1103;24-009225;;RAT-1103
RAT-1094;24-009226;;RAT-1094
RAT-1093;24-009227;;RAT-1093
RAT-1113;24-009228;;RAT-1113
RAT-1120;24-009229;;RAT-1120
RAT-0752;24-009230;;RAT-0752
RAT-1102;24-009231;;RAT-1102
RAT-1095;24-009232;;RAT-1095
RAT-0751;24-009233;;RAT-0751
RAT-1111;24-009234;;RAT-1111
RAT-1126;24-009235;;RAT-1126
RAT-1139;24-009236;;RAT-1139
RAT-1146;24-009237;;RAT-1146
RAT-1153;24-009238;;RAT-1153
RAT-1119;24-009239;;RAT-1119
RAT-1133;24-009240;;RAT-1133
RAT-0756;24-009241;;RAT-0756
RAT-0757;24-009242;;RAT-0757
RAT-0748;24-009243;;RAT-0748
RAT-0753;24-009244;;RAT-0753
RAT-0749;24-009245;;RAT-0749
RAT-0758;24-009246;;RAT-0758
RAT-0755;24-009247;;RAT-0755
RAT-0754;24-009248;;RAT-0754
RAT-0759;24-009249;;RAT-0759
RAT-1122;24-009250;;RAT-1122
RAT-0750;24-009251;;RAT-0750
RAT-1100;24-009252;;RAT-1100
RAT-1073;24-009253;;RAT-1073
RAT-0983BE43;24-10137;;RAT-0983
RAT-0931NE89;24-10138;;RAT-0931
RAT-0976MA96;24-10139;;RAT-0976
RAT-0957BE51;24-10140;;RAT-0957
RAT-0954DL30;24-10141;;RAT-0954
RAT-0932NE97;24-10142;;RAT-0932
RAT-0948DL06;24-10143;;RAT-0948
RAT-0941NE70;24-10144;;RAT-0941
RAT-0958BE02;24-10145;;RAT-0958
RAT-0984DL7;24-10146;;RAT-0984
RAT-0947NE07;24-10147;;RAT-0947
RAT-0970MA66;24-10148;;RAT-0970
RAT-0981MA69;24-10149;;RAT-0981
RAT-0951DL02;24-10150;;RAT-0951
RAT-0974MA83;24-10151;;RAT-0974
RAT-0937NE72;24-10152;;RAT-0937
RAT-0955DL31;24-10153;;RAT-0955
RAT-0959BE66;24-10154;;RAT-0959
RAT-0950NE13;24-10155;;RAT-0950
RAT-0977MA97;24-10156;;RAT-0977
RAT-0936NE71;24-10157;;RAT-0936
RAT-0940NE86;24-11986;;RAT-0940
RAT-0949NE10;24-11987;;RAT-0949
RAT-0969MA65;24-11988;;RAT-0969
RAT-0952DL03;24-11989;;RAT-0952
RAT-0938NE84;24-11990;;RAT-0938
RAT-0942NE69;24-11991;;RAT-0942
RAT-0943NE49;24-11992;;RAT-0943
RAT-0181;24-012410;;RAT-0181
RAT-0182;24-012411;;RAT-0182
RAT-0183;24-012412;;RAT-0183
RAT-0184;24-012413;;RAT-0184
RAT-0185;24-012414;;RAT-0185
RAT-0186;24-012415;;RAT-0186
RAT-0187;24-012416;;RAT-0187
RAT-0188;24-012417;;RAT-0188
RAT-0189;24-012418;;RAT-0189
RAT-0190;24-012419;;RAT-0190
RAT-0191;24-012420;;RAT-0191
RAT-0192;24-012421;;RAT-0192
RAT-0193;24-012422;;RAT-0193
RAT-0194;24-012423;;RAT-0194
RAT-0195;24-012424;;RAT-0195
RAT-0196;24-012425;;RAT-0196
RAT-0197;24-012426;;RAT-0197
RAT-0200;24-012427;;RAT-0200
RAT-0201;24-012428;;RAT-0201
RAT-0202;24-012429;;RAT-0202
RAT-0203;24-012430;;RAT-0203
RAT-0204;24-012431;;RAT-0204
RAT-0205;24-012432;;RAT-0205
RAT-0206;24-012433;;RAT-0206
RAT-0207;24-012434;;RAT-0207
RAT-0208;24-012435;;RAT-0208
RAT-0209;24-012436;;RAT-0209
RAT-0210;24-012437;;RAT-0210
RAT-0591;24-012438;;RAT-0591
RAT-0592;24-012439;;RAT-0592
RAT-0593;24-012440;;RAT-0593
RAT-0594;24-012441;;RAT-0594
RAT-0595;24-012442;;RAT-0595
RAT-0597;24-012443;;RAT-0597
RAT-0598;24-012444;;RAT-0598
RAT-0599;24-012445;;RAT-0599
RAT-0600;24-012446;;RAT-0600
RAT-0601;24-012447;;RAT-0601
RAT-0602;24-012448;;RAT-0602
RAT-0603;24-012449;;RAT-0603
RAT-0604;24-012450;;RAT-0604
RAT-0605;24-012451;;RAT-0605
